{"unict_Baker_32": {"('1920', '1080')": {"f": 1068.25, "cx": 960.0, "cy": 540.0, "k1": 0.314531, "k2": 0.220343}}, "unict_Scooter mechanic_31": {"('1440', '1080')": {"f": 713.514, "cx": 720.0, "cy": 540.0, "k1": 0.0591923, "k2": 0.00218839}, "('1920', '1080')": {"f": 1029.585, "cx": 960.0, "cy": 540.0, "k1": 0.305522, "k2": 0.225765}}, "unict_Bike mechanic_34": {"('1440', '1080')": {"f": 639.412, "cx": 720.0, "cy": 540.0, "k1": 0.0666615, "k2": -0.00314502}}, "unict_Carpenter_33": {"('1920', '1080')": {"f": 1073.82, "cx": 960.0, "cy": 540.0, "k1": 0.252175, "k2": 0.310945}}}